"population","population_year","City.Location","lat","lng"
7333415,2017,"POINT (-74.0721 4.711)","4.711","-74.0721"
883570,2020,"POINT (-86.1785 39.7676)","39.7676","-86.1785"
2835686,2019,"POINT (-2.15783 53.4576)","53.4576","-2.15783"
3464000,2021,"POINT (7.39857 9.07647)","9.07647","7.39857"
NA,NA,NA,NA,NA
459403,2020,"POINT (-1.00495 37.799)","37.799","-1.00495"
228848,2018,NA,NA,NA
NA,NA,NA,NA,NA
1047526,2020,"POINT (-113.491 53.5444)","53.5444","-113.491"
NA,NA,NA,NA,NA
796670,2018,NA,NA,NA
261746,2018,NA,NA,NA
148500,2018,NA,NA,NA
85755,2019,"POINT (-86.5264 39.1653)","39.1653","-86.5264"
1664182,2020,"POINT (2.1775 41.3823)","41.3823","2.1775"
NA,NA,NA,NA,NA
7481800,2020,"POINT (114.14 22.2881)","22.2881","114.14"
7991,800,NA,NA,NA
38638,2018,"POINT (9.54153 57.1453)","57.1453","9.54153"
59517,2016,NA,NA,NA
533900,2017,"POINT (1.754 53.792)","53.792","1.754"
82094,2016,NA,NA,NA
418686,2015,NA,NA,NA
NA,NA,NA,NA,NA
119455,2021,"POINT (14.2135 42.4639)","42.4639","14.2135"
8908081,2018,"POINT (-0.07868 51.5048)","51.5048","-0.07868"
1345047,2018,"POINT (-96.8004 32.7801)","32.7801","-96.8004"
207595,2021,"POINT (10.395 63.4305)","63.4305","10.395"
NA,NA,NA,NA,NA
NA,NA,NA,NA,NA
NA,NA,NA,NA,NA
40173,2019,"POINT (-118.4 34.02)","34.02","-118.4"
125941,2020,NA,NA,NA
46429,2010,"POINT (-67.6955 -34.978)","-34.978","-67.6955"
149280,2020,NA,NA,NA
983755,2014,"POINT (14.2514 40.842)","40.842","14.2514"
395780,2021,"POINT (-1.88076 50.7192)","50.7192","-1.88076"
350000,2020,"POINT (27.1152 38.4596)","38.4596","27.1152"
222601,2021,"POINT (150.893 -34.4278)","-34.4278","150.893"
33334,2020,NA,NA,NA
465000,2018,NA,NA,NA
20242,2010,NA,NA,NA
NA,NA,NA,NA,NA
9911088,2020,"POINT (126.978 37.5665)","37.5665","126.978"
171629,2020,"POINT (-105.084 40.5853)","40.5853","-105.084"
29889,2020,"POINT (138.601 -34.9285)","-34.9285","138.601"
NA,NA,NA,NA,NA
48320,2020,"POINT (26.8344 38.1951)","38.1951","26.8344"
94129,2019,"POINT (14.8091 56.8777)","56.8777","14.8091"
185937,2011,"POINT (19.2594 42.4304)","42.4304","19.2594"
347398,2020,"POINT (9.9326 -84.0796)","-84.0796","9.9326"
31822,2019,NA,NA,NA
546695,2019,NA,NA,NA
291855,2018,"POINT (-48.3243 -10.2491)","-10.2491","-48.3243"
8399000,2018,"POINT (-74.0059 40.7128)","40.7128","-74.0059"
41047,2021,"POINT (12.4058 55.9747)","55.9747","12.4058"
NA,NA,NA,NA,NA
1235574,2019,NA,NA,NA
107816,2020,"POINT (11.3566 46.4997)","46.4997","11.3566"
NA,NA,"POINT (-100.458 25.6732)","25.6732","-100.458"
593490,2019,"POINT (-76.6122 39.2904)","39.2904","-76.6122"
52590,2019,NA,NA,NA
167759,2014,NA,NA,NA
1476491,2020,NA,NA,NA
NA,NA,NA,NA,NA
86217,2020,NA,NA,NA
99570,2020,NA,NA,NA
NA,NA,NA,NA,NA
337098,2020,NA,NA,NA
540000,2016,"POINT (7.26195 43.7102)","43.7102","7.26195"
30472,2016,NA,NA,NA
26201,2011,NA,NA,NA
9700000,2009,NA,NA,NA
2446144,2020,NA,NA,NA
1293611,2021,"POINT (-87.2044 14.1051)","14.1051","-87.2044"
116632,2019,"POINT (-93.3273 45.601)","45.601","-93.3273"
53282,2018,"POINT (12.4754 55.6425)","55.6425","12.4754"
18342,2021,NA,NA,NA
748432,2018,NA,NA,NA
63375,2018,"POINT (-117.293 33.0454)","33.0454","-117.293"
261746,2018,NA,NA,NA
NA,NA,NA,NA,NA
3438710,2020,NA,NA,NA
NA,NA,NA,NA,NA
20003,2019,NA,NA,NA
149280,2020,NA,NA,NA
2765932,2020,"POINT (120.344 22.6297)","22.6297","120.344"
74000,2020,"POINT (23.569 46.0823)","46.0823","23.569"
NA,NA,NA,NA,NA
50759,2020,"POINT (12.2898 55.6563)","55.6563","12.2898"
335168,2021,"POINT (40.6854 -14.5656)","-14.5656","40.6854"
255042,2019,"POINT (-2.67 42.84)","42.84","-2.67"
237231,2020,NA,NA,NA
843810,2020,NA,NA,NA
1948626,2020,"POINT (-49.2647 -25.4311)","-25.4311","-49.2647"
145512,2020,"POINT (8.67243 49.3988)","49.3988","8.67243"
NA,NA,NA,NA,NA
38638,2018,"POINT (9.54153 57.1453)","57.1453","9.54153"
50684,2010,NA,NA,NA
329475,2020,NA,NA,NA
1175501,2020,"POINT (-46.9372 -22.744)","-22.744","-46.9372"
2602418,2020,"POINT (121.564 25.0375)","25.0375","121.564"
378089,2010,"POINT (-44.2012 -19.9673)","-19.9673","-44.2012"
118532,2021,NA,NA,NA
37481,2020,NA,NA,NA
36279,2017,"POINT (-41.6667 -20.7)","-20.7","-41.6667"
55754,2020,NA,NA,NA
NA,NA,NA,NA,NA
199150,2020,"POINT (-0.32574 51.448)","51.448","-0.32574"
NA,NA,NA,NA,NA
51183,2020,"POINT (12.2349 55.931)","55.931","12.2349"
6207299,2021,NA,NA,NA
NA,NA,NA,NA,NA
2956024,2018,"POINT (-79.3832 43.6532)","43.6532","-79.3832"
NA,NA,NA,NA,NA
280174,2020,"POINT (-106.67 52.1332)","52.1332","-106.67"
365437,2020,"POINT (11.2558 43.7696)","43.7696","11.2558"
7481800,2020,"POINT (114.14 22.2881)","22.2881","114.14"
42284,2015,"POINT (-73.2121 44.4759)","44.4759","-73.2121"
226400,2019,"POINT (-76.0026 37.2265)","37.2265","-76.0026"
2829930,2021,"POINT (120.647 24.1619)","24.1619","120.647"
6041000,2019,"POINT (39.2083 -6.79235)","-6.79235","39.2083"
8560,2010,NA,NA,NA
98559,2021,NA,NA,NA
529440,2010,NA,NA,NA
90620,2021,"POINT (-122.479 48.7519)","48.7519","-122.479"
13957977,2021,"POINT (139.41 35.41)","35.41","139.41"
209533,2020,NA,NA,NA
NA,NA,NA,NA,NA
600783,2020,NA,NA,NA
34119,2020,NA,NA,NA
395000,2021,NA,NA,NA
277417,2018,NA,NA,NA
69262,2020,"POINT (12.4887 55.7335)","55.7335","12.4887"
55754,2020,NA,NA,NA
119980,2019,"POINT (-83.743 42.2808)","42.2808","-83.743"
775530,2015,"POINT (121.061 14.5869)","14.5869","121.061"
47729,2011,"POINT (-8.44582 40.5753)","40.5753","-8.44582"
26201,2011,NA,NA,NA
1653461,2020,"POINT (-34.8829 -8.05783)","-8.05783","-34.8829"
2440553,2010,"POINT (-79.9223 -2.17099)","-2.17099","-79.9223"
582602,2015,"POINT (121.024 14.5547)","14.5547","121.024"
127119,2018,"POINT (20.263 63.8258)","63.8258","20.263"
131808,2017,NA,NA,NA
355218,2018,"POINT (-1.1333 52.6333)","52.6333","-1.1333"
902522,2020,"POINT (-90.5069 14.6349)","14.6349","-90.5069"
NA,NA,NA,NA,NA
149280,2020,NA,NA,NA
417865,2020,NA,NA,NA
NA,NA,NA,NA,NA
NA,NA,NA,NA,NA
84613,2021,"POINT (24.35 55.7333)","55.7333","24.35"
57469,2021,NA,NA,NA
15892788,2011,"POINT (88.3639 22.5726)","22.5726","88.3639"
56596,2011,NA,NA,NA
475862,2019,NA,NA,NA
86217,2020,NA,NA,NA
399724000,2015,NA,NA,NA
NA,NA,NA,NA,NA
196300,2020,"POINT (41.7606 88.3201)","88.3201","41.7606"
579000,2019,"POINT (-79.8661 43.25)","43.25","-79.8661"
312132,2015,"POINT (-104.783 20.517)","20.517","-104.783"
NA,NA,NA,NA,NA
114148,2016,"POINT (123.378 48.4594)","48.4594","123.378"
78530,2019,"POINT (-9.30148 38.7637)","38.7637","-9.30148"
NA,NA,NA,NA,NA
503443,2021,"POINT (-94.573 39.1429)","39.1429","-94.573"
31000,2017,"POINT (34.344 31.3231)","31.3231","34.344"
58612,2016,NA,NA,NA
210711,2020,NA,NA,NA
NA,NA,NA,NA,NA
147993,2020,"POINT (-97.1331 33.2148)","33.2148","-97.1331"
12320,2020,NA,NA,NA
21338,2017,NA,NA,NA
286211,2020,"POINT (-47.2669 -22.8219)","-22.8219","-47.2669"
24000,2017,"POINT (-84.1503 10.0035)","10.0035","-84.1503"
90401,2019,"POINT (-118.481 34.0219)","34.0219","-118.481"
255042,2019,"POINT (-2.67 42.84)","42.84","-2.67"
24826,2020,NA,NA,NA
200591,2018,"POINT (-111.891 40.7608)","40.7608","-111.891"
333794,2019,NA,NA,NA
NA,NA,"POINT (-37.7142 -7.10801)","-7.10801","-37.7142"
NA,NA,NA,NA,NA
34119,2020,NA,NA,NA
3402000,2011,NA,NA,NA
438100,2019,"POINT (-7.1101 52.2593)","52.2593","-7.1101"
121219,2015,"POINT (120.19 16.37)","16.37","120.19"
NA,NA,NA,NA,NA
NA,NA,NA,NA,NA
2233,2018,NA,NA,NA
282529,2021,NA,NA,NA
135520,2018,"POINT (-79.2469 43.1594)","43.1594","-79.2469"
16821,2020,NA,NA,NA
NA,NA,NA,NA,NA
1036738,2020,"POINT (126.949 35.1542)","35.1542","126.949"
NA,NA,NA,NA,NA
NA,NA,NA,NA,NA
84400,2021,"POINT (174.354 -39.1011)","-39.1011","174.354"
NA,NA,NA,NA,NA
36951,2020,"POINT (-46.328 -22.8403)","-22.8403","-46.328"
744955,2018,"POINT (-122.332 47.6062)","47.6062","-122.332"
1721215,2020,"POINT (-101.684 21.1221)","21.1221","-101.684"
34119,2020,NA,NA,NA
329475,2020,NA,NA,NA
NA,NA,"POINT (121.567 38.9389)","38.9389","121.567"
65333,2017,"POINT (-77.0273 -12.0977)","-12.0977","-77.0273"
228848,2018,NA,NA,NA
579000,2019,"POINT (-79.8661 43.25)","43.25","-79.8661"
78860,2010,NA,NA,NA
228848,2018,NA,NA,NA
1653461,2020,"POINT (-34.8829 -8.05783)","-8.05783","-34.8829"
22256,2018,NA,NA,NA
792646,2021,"POINT (11.5167 3.8667)","3.8667","11.5167"
2197447,2011,NA,NA,NA
417000,2020,"POINT (-81.2497 42.9837)","42.9837","-81.2497"
189331,2020,"POINT (-8.43821 41.5337)","41.5337","-8.43821"
5870000,2020,"POINT (28.0473 -26.2041)","-26.2041","28.0473"
294464,2021,"POINT (14.5058 46.0569)","46.0569","14.5058"
NA,NA,NA,NA,NA
1080507,2021,NA,NA,NA
5243392,2020,"POINT (-103.35 20.6597)","20.6597","-103.35"
NA,NA,NA,NA,NA
199150,2020,"POINT (-0.32574 51.448)","51.448","-0.32574"
488839,2021,"POINT (-75.6906 4.80871)","4.80871","-75.6906"
86217,2020,NA,NA,NA
8202,2021,"POINT (10.8939 43.05)","43.05","10.8939"
NA,NA,NA,NA,NA
NA,NA,NA,NA,NA
8299,2018,NA,NA,NA
149280,2020,NA,NA,NA
6586,2021,NA,NA,NA
3838,2019,NA,NA,NA
56596,2011,NA,NA,NA
3774638,2021,"POINT (28.3462 -26.1777)","-26.1777","28.3462"
NA,NA,NA,NA,NA
94847,2020,"POINT (17.8409 59.2459)","59.2459","17.8409"
312722,2015,"POINT (8.46603 49.4875)","49.4875","8.46603"
43559,2018,"POINT (-70.8967 42.5195)","42.5195","-70.8967"
465000,2018,NA,NA,NA
503443,2021,"POINT (-94.573 39.1429)","39.1429","-94.573"
326196,2019,"POINT (-105.5 40.15)","40.15","-105.5"
450,2019,NA,NA,NA
560513,2019,NA,NA,NA
NA,NA,NA,NA,NA
3163104,2020,NA,NA,NA
3987578,2019,"POINT (31.0218 -29.8587)","-29.8587","31.0218"
125941,2020,NA,NA,NA
196300,2020,"POINT (41.7606 88.3201)","88.3201","41.7606"
495000,2010,"POINT (-48.5482 -27.595)","-27.595","-48.5482"
434742,2017,"POINT (-46.3289 -23.9679)","-23.9679","-46.3289"
872497,2021,"POINT (4.89516 52.3702)","52.3702","4.89516"
24000,2017,"POINT (-84.1503 10.0035)","10.0035","-84.1503"
259182,2018,NA,NA,NA
78480,2018,NA,NA,NA
811275,2021,"POINT (120.47 22.6558)","22.6558","120.47"
13000000,2021,"POINT (77.5946 12.9716)","12.9716","77.5946"
796670,2018,NA,NA,NA
133262,2021,"POINT (-21.8174 64.1265)","64.1265","-21.8174"
1680600,2020,NA,NA,NA
NA,NA,NA,NA,NA
1108000,2020,"POINT (100.383 5.38333)","5.38333","100.383"
71601,2017,"POINT (23.04 -34.01)","-34.01","23.04"
872497,2021,"POINT (4.89516 52.3702)","52.3702","4.89516"
387309,2020,NA,NA,NA
NA,NA,NA,NA,NA
NA,NA,NA,NA,NA
185937,2011,"POINT (19.2594 42.4304)","42.4304","19.2594"
1080507,2021,NA,NA,NA
417000,2020,"POINT (-81.2497 42.9837)","42.9837","-81.2497"
228848,2018,NA,NA,NA
544851,2021,"POINT (-9.13933 38.7223)","38.7223","-9.13933"
69088,2018,NA,NA,NA
65333,2017,"POINT (-77.0273 -12.0977)","-12.0977","-77.0273"
145358,2020,NA,NA,NA
812855,2019,"POINT (-122.682 45.52)","45.52","-122.682"
255,2020,"POINT (26.5536 38.3434)","38.3434","26.5536"
244969,2020,"POINT (18.5305 54.5189)","54.5189","18.5305"
65977,2020,NA,NA,NA
255324,2018,NA,NA,NA
69000,2020,NA,NA,NA
24000,2017,"POINT (-84.1503 10.0035)","10.0035","-84.1503"
1175501,2020,"POINT (-46.9372 -22.744)","-22.744","-46.9372"
82094,2016,NA,NA,NA
1200000,2019,"POINT (-13.2317 8.4657)","8.4657","-13.2317"
647000,2017,NA,NA,NA
12205,2019,NA,NA,NA
407319,2019,"POINT (-40.3776 -20.3338)","-20.3338","-40.3776"
42174,2019,NA,NA,NA
20003,2019,NA,NA,NA
258054,2018,"POINT (-89.3818 43.0728)","43.0728","-89.3818"
885708,2019,"POINT (-80.8431 35.2271)","35.2271","-80.8431"
NA,NA,NA,NA,NA
42284,2015,"POINT (-73.2121 44.4759)","44.4759","-73.2121"
74003,2016,"POINT (-122.75 53.9171)","53.9171","-122.75"
2511700,2019,NA,NA,NA
101516,2019,NA,NA,NA
3774638,2021,"POINT (28.3462 -26.1777)","-26.1777","28.3462"
99225,2020,NA,NA,NA
302014,2020,NA,NA,NA
651073,2019,"POINT (-90.049 35.1495)","35.1495","-90.049"
463400,2019,NA,NA,NA
3769000,2020,"POINT (13.405 52.52)","52.52","13.405"
1653461,2020,"POINT (-34.8829 -8.05783)","-8.05783","-34.8829"
209403,2019,NA,NA,NA
NA,NA,NA,NA,NA
579000,2019,"POINT (-79.8661 43.25)","43.25","-79.8661"
78495,2020,"POINT (-80.216 26.4986)","26.4986","-80.216"
NA,NA,NA,NA,NA
62709,2019,"POINT (12.5921 56.0308)","56.0308","12.5921"
506811,2019,"POINT (-84.388 33.749)","33.749","-84.388"
241590,2020,NA,NA,NA
NA,NA,NA,NA,NA
NA,NA,NA,NA,NA
6624,2020,NA,NA,NA
1392502,2020,"POINT (9.08635 45.8026)","45.8026","9.08635"
207595,2021,"POINT (10.395 63.4305)","63.4305","10.395"
23943,2016,NA,NA,NA
233763,2018,"POINT (-83.0364 42.3149)","42.3149","-83.0364"
579000,2019,"POINT (-79.8661 43.25)","43.25","-79.8661"
765352,2016,"POINT (-85.6784 38.196)","38.196","-85.6784"
24382,2019,NA,NA,NA
53684,2020,"POINT (147.281 -42.8901)","-42.8901","147.281"
198348,2020,"POINT (10.3279 44.8015)","44.8015","10.3279"
NA,NA,NA,NA,NA
228848,2018,NA,NA,NA
484836,2020,NA,NA,NA
569913,2020,NA,NA,NA
24668,2018,NA,NA,NA
1014837,2010,"POINT (-38.057 -6.5344)","-6.5344","-38.057"
11365,2010,NA,NA,NA
505585,2010,"POINT (-79.0048 -2.90841)","-2.90841","-79.0048"
174708,2020,NA,NA,NA
NA,NA,NA,NA,NA
31000,2017,"POINT (34.344 31.3231)","31.3231","34.344"
187603,2019,"POINT (-83.9207 35.9606)","35.9606","-83.9207"
149280,2020,NA,NA,NA
NA,NA,NA,NA,NA
527620,2020,NA,NA,NA
67611,2021,NA,NA,NA
98302,2020,NA,NA,NA
NA,NA,NA,NA,NA
1476491,2020,NA,NA,NA
55269,2020,NA,NA,NA
1790000,2018,"POINT (101.687 3.139)","3.139","101.687"
723515,2010,"POINT (-34.8639 -7.16882)","-7.16882","-34.8639"
22885,2018,NA,NA,NA
215000,2020,"POINT (174.776 -41.2865)","-41.2865","174.776"
277417,2018,NA,NA,NA
NA,NA,NA,NA,NA
NA,NA,NA,NA,NA
149280,2020,NA,NA,NA
41047,2021,"POINT (12.4058 55.9747)","55.9747","12.4058"
NA,NA,NA,NA,NA
20033,NA,NA,NA,NA
540000,2016,"POINT (7.26195 43.7102)","43.7102","7.26195"
2219580,2021,"POINT (-60.0217 -3.11902)","-3.11902","-60.0217"
NA,NA,NA,NA,NA
53879,2015,NA,NA,NA
286211,2020,"POINT (-47.2669 -22.8219)","-22.8219","-47.2669"
58612,2016,NA,NA,NA
76338,2020,"POINT (-111.631 35.1992)","35.1992","-111.631"
35183,2019,"POINT (-118.405 33.8889)","33.8889","-118.405"
224380,2020,NA,NA,NA
1040171,2019,"POINT (157.59 21.28)","21.28","157.59"
1653461,2020,"POINT (-34.8829 -8.05783)","-8.05783","-34.8829"
171587,2018,"POINT (0.1 49.49)","49.49","0.1"
84335,2020,NA,NA,NA
6591589,2020,"POINT (3.94704 7.37753)","7.37753","3.94704"
180534,2017,"POINT (14.933 10.8541)","10.8541","14.933"
19219,2020,"POINT (-18.1262 65.6885)","65.6885","-18.1262"
85000,2017,NA,NA,NA
78864,2019,NA,NA,NA
224380,2020,NA,NA,NA
149280,2020,NA,NA,NA
183314,2016,NA,NA,NA
180636,2020,NA,NA,NA
15305900,2019,"POINT (113.264 23.1291)","23.1291","113.264"
590157,2019,"POINT (-87.9065 43.0389)","43.0389","-87.9065"
108860,2016,NA,NA,NA
1476491,2020,NA,NA,NA
2220872,2018,"POINT (121.301 24.9931)","24.9931","121.301"
41047,2021,"POINT (12.4058 55.9747)","55.9747","12.4058"
86954,2017,"POINT (-74.2302 4.70592)","4.70592","-74.2302"
1156,2019,NA,NA,NA
26861,2011,NA,NA,NA
143222,2020,NA,NA,NA
NA,NA,NA,NA,NA
720848,2020,"POINT (-103.407 25.5428)","25.5428","-103.407"
1330286,2021,NA,NA,NA
1221095,2020,"POINT (126.805 37.17)","37.17","126.805"
1836552,2019,"POINT (30.9328 -17.8284)","-17.8284","30.9328"
2069849,2020,"POINT (-73.554 45.5087)","45.5087","-73.554"
347398,2020,"POINT (9.9326 -84.0796)","-84.0796","9.9326"
492681,2018,NA,NA,NA
264000,2010,NA,NA,NA
1108000,2020,"POINT (100.383 5.38333)","5.38333","100.383"
231962,2021,"POINT (-8.6291 41.1579)","41.1579","-8.6291"
150358,2019,"POINT (-106 35.5)","35.5","-106"
766900,2020,"POINT (-97.1375 49.8997)","49.8997","-97.1375"
334669,2020,NA,NA,NA
392887,2020,"POINT (-9.38811 38.7984)","38.7984","-9.38811"
21000,2021,NA,NA,NA
4146,2020,NA,NA,NA
8532,2016,"POINT (-64.5188 44.3786)","44.3786","-64.5188"
492681,2018,NA,NA,NA
NA,NA,NA,NA,NA
65333,2017,"POINT (-77.0273 -12.0977)","-12.0977","-77.0273"
1426000,2021,"POINT (-117.17 32.7181)","32.7181","-117.17"
212111,2019,NA,NA,NA
2514005,2020,"POINT (-0.16819 5.56543)","5.56543","-0.16819"
NA,NA,NA,NA,NA
5685807,2020,"POINT (103.82 1.35208)","1.35208","103.82"
120858,2021,"POINT (-23 46.5)","46.5","-23"
47266,2019,"POINT (-78.4767 38.0293)","38.0293","-78.4767"
440981,2021,"POINT (-122.271 37.8044)","37.8044","-122.271"
1153901,2020,NA,NA,NA
305461,2018,NA,NA,NA
120133,2021,"POINT (25.65 60.9833)","60.9833","25.65"
132536,2015,NA,NA,NA
5434,2019,"POINT (-106.374 39.6403)","39.6403","-106.374"
116632,2019,"POINT (-93.3273 45.601)","45.601","-93.3273"
NA,NA,NA,NA,NA
59517,2016,NA,NA,NA
569578,2019,NA,NA,NA
NA,NA,NA,NA,NA
2960048,2020,"POINT (120.862 15.6835)","15.6835","120.862"
2498,2018,NA,NA,NA
314418,2015,"POINT (-99.0173 19.3599)","19.3599","-99.0173"
118964,2021,NA,NA,NA
8612,2010,NA,NA,NA
NA,NA,NA,NA,NA
NA,NA,NA,NA,NA
2602418,2020,"POINT (121.564 25.0375)","25.0375","121.564"
154817,2020,"POINT (-80.1495 26.0112)","26.0112","-80.1495"
708253,2019,"POINT (-77.0369 38.9072)","38.9072","-77.0369"
464983,2020,"POINT (-49.3762 -20.8118)","-20.8118","-49.3762"
NA,NA,NA,NA,NA
NA,NA,"POINT (19.6651 46.1005)","46.1005","19.6651"
381009,2019,"POINT (-81.6944 41.4993)","41.4993","-81.6944"
NA,NA,NA,NA,NA
492681,2018,NA,NA,NA
215000,2020,"POINT (174.776 -41.2865)","-41.2865","174.776"
365437,2020,"POINT (11.2558 43.7696)","43.7696","11.2558"
807254,2019,"POINT (15.9819 45.815)","45.815","15.9819"
277773,2020,"POINT (-75.3906 9.30457)","9.30457","-75.3906"
1653461,2020,"POINT (-34.8829 -8.05783)","-8.05783","-34.8829"
2939927,2020,NA,NA,NA
6747815,2019,"POINT (-43.5614 -22.9054)","-22.9054","-43.5614"
94129,2019,"POINT (14.8091 56.8777)","56.8777","14.8091"
766900,2020,"POINT (-97.1375 49.8997)","49.8997","-97.1375"
201386,2021,"POINT (7.5928 47.5619)","47.5619","7.5928"
583056,2020,NA,NA,NA
483629,2011,NA,NA,NA
5052000,2016,"POINT (-4.0083 5.36)","5.36","-4.0083"
99337,2017,"POINT (-71.5366 -16.3994)","-16.3994","-71.5366"
84412,2019,"POINT (-9.32771 38.9385)","38.9385","-9.32771"
NA,NA,NA,NA,NA
583056,2020,NA,NA,NA
231962,2021,"POINT (-8.6291 41.1579)","41.1579","-8.6291"
57637,2019,"POINT (-122.876 42.3265)","42.3265","-122.876"
1293611,2021,"POINT (-87.2044 14.1051)","14.1051","-87.2044"
1392121,2020,"POINT (-46.5338 -23.4542)","-23.4542","-46.5338"
2956024,2018,"POINT (-79.3832 43.6532)","43.6532","-79.3832"
20390,2018,NA,NA,NA
286178,2021,NA,NA,NA
NA,NA,NA,NA,NA
286178,2021,NA,NA,NA
523500,2017,NA,NA,NA
294464,2021,"POINT (14.5058 46.0569)","46.0569","14.5058"
946900,2019,"POINT (-106.076 28.6368)","28.6368","-106.076"
53282,2018,"POINT (12.4754 55.6425)","55.6425","12.4754"
20232,2020,NA,NA,NA
NA,NA,NA,NA,NA
1000773,2021,NA,NA,NA
694144,2019,"POINT (-86.7816 36.1627)","36.1627","-86.7816"
NA,NA,NA,NA,NA
421939,2017,"POINT (-63.5714 44.6478)","44.6478","-63.5714"
107699,2021,"POINT (-68.8154 -32.8421)","-32.8421","-68.8154"
143222,2020,NA,NA,NA
NA,NA,NA,NA,NA
434736,2020,"POINT (8.53918 47.3686)","47.3686","8.53918"
1584064,2019,"POINT (-75.1638 39.9523)","39.9523","-75.1638"
400000,2019,NA,NA,NA
3774638,2021,"POINT (28.3462 -26.1777)","-26.1777","28.3462"
1516113,2019,"POINT (-49.2648 -16.6869)","-16.6869","-49.2648"
2210875,2018,"POINT (2.35222 48.8566)","48.8566","2.35222"
NA,NA,NA,NA,NA
NA,NA,NA,NA,NA
348208,2020,"POINT (-51.1862 -29.9133)","-29.9133","-51.1862"
36655,2021,"POINT (16.3484 57.9587)","57.9587","16.3484"
872497,2021,"POINT (4.89516 52.3702)","52.3702","4.89516"
NA,NA,NA,NA,NA
492681,2018,NA,NA,NA
82094,2016,NA,NA,NA
61015,2019,"POINT (-7.93044 37.0194)","37.0194","-7.93044"
28352,2008,"POINT (12.6196 43.0707)","43.0707","12.6196"
9003,2021,"POINT (-106.837 39.195)","39.195","-106.837"
151950,2019,NA,NA,NA
NA,NA,NA,NA,NA
2320268,2019,"POINT (-95.3694 29.7602)","29.7602","-95.3694"
NA,NA,NA,NA,NA
142000,2018,"POINT (-70.6092 -33.4313)","-33.4313","-70.6092"
460600,2019,"POINT (34.7823 32.0816)","32.0816","34.7823"
1155678,2020,"POINT (29.3599 -3.36137)","-3.36137","29.3599"
604378,2019,NA,NA,NA
547757,2021,"POINT (4.3007 52.0705)","52.0705","4.3007"
215144,2016,NA,NA,NA
276719,2016,NA,NA,NA
303536,2018,NA,NA,NA
282600,2018,NA,NA,NA
156500,2019,"POINT (-105.081 39.7047)","39.7047","-105.081"
61015,2019,"POINT (-7.93044 37.0194)","37.0194","-7.93044"
332500,2020,NA,NA,NA
12205,2019,NA,NA,NA
583056,2020,NA,NA,NA
1664182,2020,"POINT (2.1775 41.3823)","41.3823","2.1775"
349842,2021,"POINT (36.9218 -17.8503)","-17.8503","36.9218"
301048,2018,"POINT (-79.9959 40.4406)","40.4406","-79.9959"
5209,2010,NA,NA,NA
102026,2019,"POINT (41.6754 -86.2532)","-86.2532","41.6754"
43559,2018,"POINT (-70.8967 42.5195)","42.5195","-70.8967"
5685807,2020,"POINT (103.82 1.35208)","1.35208","103.82"
NA,NA,"POINT (-92.2896 34.7465)","34.7465","-92.2896"
22885,2018,NA,NA,NA
11936010,2020,NA,NA,NA
NA,NA,NA,NA,NA
37113,2010,"POINT (-80.1484 25.9812)","25.9812","-80.1484"
143222,2020,NA,NA,NA
276744,2018,NA,NA,NA
49000,2018,NA,NA,NA
NA,NA,NA,NA,NA
604378,2019,NA,NA,NA
209533,2020,NA,NA,NA
1006211,2019,"POINT (-75.6972 45.4215)","45.4215","-75.6972"
230998,2020,NA,NA,NA
1005687,2016,NA,NA,NA
21071,2021,NA,NA,NA
201013,2019,NA,NA,NA
216279,2018,"POINT (-122.444 47.2529)","47.2529","-122.444"
9003,2021,"POINT (-106.837 39.195)","39.195","-106.837"
41047,2021,"POINT (12.4058 55.9747)","55.9747","12.4058"
NA,NA,NA,NA,NA
5652000,2016,"POINT (-27 11)","11","-27"
190529,2019,NA,NA,NA
499210,2015,"POINT (-77.0051 -12.1453)","-12.1453","-77.0051"
381009,2019,"POINT (-81.6944 41.4993)","41.4993","-81.6944"
NA,NA,NA,NA,NA
2446144,2020,NA,NA,NA
NA,NA,NA,NA,NA
2239191,2010,"POINT (-78.5167 -0.2333)","-0.2333","-78.5167"
8420887,2016,"POINT (100.556 13.7712)","13.7712","100.556"
79990,2020,"POINT (9.3767 47.4245)","47.4245","9.3767"
133262,2021,"POINT (-21.8174 64.1265)","64.1265","-21.8174"
102026,2019,"POINT (41.6754 -86.2532)","-86.2532","41.6754"
22885,2018,NA,NA,NA
1047871,2019,"POINT (-121.886 37.3382)","37.3382","-121.886"
210440,2017,"POINT (11.8768 45.4064)","45.4064","11.8768"
124798,2019,"POINT (0.16353 52.2077)","52.2077","0.16353"
38100,2019,"POINT (7.42081 43.7374)","43.7374","7.42081"
136235,2018,NA,NA,NA
72000,2021,NA,NA,NA
37094,2021,"POINT (9.2981 45.492)","45.492","9.2981"
215144,2016,NA,NA,NA
549883,2020,NA,NA,NA
NA,NA,NA,NA,NA
90107,NA,"POINT (10.6174 43.8399)","43.8399","10.6174"
57469,2021,NA,NA,NA
38638,2018,"POINT (9.54153 57.1453)","57.1453","9.54153"
NA,NA,NA,NA,NA
1793579,2020,"POINT (21.0122 52.2297)","52.2297","21.0122"
197442,2018,NA,NA,NA
42284,2015,"POINT (-73.2121 44.4759)","44.4759","-73.2121"
296710,2019,"POINT (-79.792 36.0726)","36.0726","-79.792"
26201,2011,NA,NA,NA
455042,2020,NA,NA,NA
721599,2016,"POINT (43.589 -79.6441)","-79.6441","43.589"
264165,2020,"POINT (-119.814 39.5296)","39.5296","-119.814"
902,2018,NA,NA,NA
NA,NA,NA,NA,NA
1043070,2020,"POINT (106.806 -6.5971)","-6.5971","106.806"
74851,2017,NA,NA,NA
583056,2020,NA,NA,NA
277417,2018,NA,NA,NA
60170,2018,"POINT (-122.032 37.323)","37.323","-122.032"
659070,2018,NA,NA,NA
102026,2019,"POINT (41.6754 -86.2532)","-86.2532","41.6754"
149280,2020,NA,NA,NA
114148,2016,"POINT (123.378 48.4594)","48.4594","123.378"
766900,2020,"POINT (-97.1375 49.8997)","49.8997","-97.1375"
349565,2019,"POINT (121.058 13.7565)","13.7565","121.058"
23662,2019,NA,NA,NA
2121,2010,NA,NA,NA
924624,2020,"POINT (-43.3033 -22.8062)","-22.8062","-43.3033"
927720,2020,"POINT (-97.3308 32.7555)","32.7555","-97.3308"
164014,2021,NA,NA,NA
583056,2020,NA,NA,NA
332500,2020,NA,NA,NA
4394694,2020,NA,NA,NA
255042,2019,"POINT (-2.67 42.84)","42.84","-2.67"
264165,2020,"POINT (-119.814 39.5296)","39.5296","-119.814"
280242,2020,NA,NA,NA
NA,NA,NA,NA,NA
1175501,2020,"POINT (-46.9372 -22.744)","-22.744","-46.9372"
699944,2020,"POINT (23.5328 46.7919)","46.7919","23.5328"
255324,2018,NA,NA,NA
195089,2019,NA,NA,NA
3359,2018,NA,NA,NA
NA,NA,NA,NA,NA
6041000,2019,"POINT (39.2083 -6.79235)","-6.79235","39.2083"
3411200,2020,"POINT (55.2708 25.2048)","25.2048","55.2708"
NA,NA,NA,NA,NA
NA,NA,NA,NA,NA
125941,2020,NA,NA,NA
540000,2016,"POINT (7.26195 43.7102)","43.7102","7.26195"
290199,2010,NA,NA,NA
43354,2020,"POINT (12.2387 55.795)","55.795","12.2387"
NA,NA,NA,NA,NA
1501551,2020,"POINT (-106.425 31.6904)","31.6904","-106.425"
31394,2010,"POINT (-71.2269 42.4443)","42.4443","-71.2269"
51962,2018,NA,NA,NA
8420887,2016,"POINT (100.556 13.7712)","13.7712","100.556"
NA,NA,NA,NA,NA
NA,NA,NA,NA,NA
77300,2020,NA,NA,NA
1047871,2019,"POINT (-121.886 37.3382)","37.3382","-121.886"
64605,2021,"POINT (-122.031 36.9741)","36.9741","-122.031"
149280,2020,NA,NA,NA
547757,2021,"POINT (4.3007 52.0705)","52.0705","4.3007"
6207299,2021,NA,NA,NA
11852,2011,"POINT (-7.1753 41.51)","41.51","-7.1753"
49132,2011,NA,NA,NA
434736,2020,"POINT (8.53918 47.3686)","47.3686","8.53918"
1547253,2019,"POINT (-98.4936 29.4241)","29.4241","-98.4936"
1797530,2020,NA,NA,NA
633120,2019,"POINT (-4.21278 55.8593)","55.8593","-4.21278"
NA,NA,NA,NA,NA
412000,2020,"POINT (-35.8808 -7.2291)","-7.2291","-35.8808"
NA,NA,NA,NA,NA
277417,2018,NA,NA,NA
896967,2021,NA,NA,NA
3265327,2019,"POINT (9.18846 45.4717)","45.4717","9.18846"
681877,2020,"POINT (-0.88701 41.6086)","41.6086","-0.88701"
1452549,2021,NA,NA,NA
995484,2020,"POINT (-97.7431 30.2672)","30.2672","-97.7431"
5020,2018,"POINT (106.038 39.4817)","39.4817","106.038"
NA,NA,"POINT (15.2663 -4.44193)","-4.44193","15.2663"
434736,2020,"POINT (8.53918 47.3686)","47.3686","8.53918"
26545,2020,"POINT (-91.6663 44.0554)","44.0554","-91.6663"
NA,NA,NA,NA,NA
65303,2020,NA,NA,NA
75359,2019,NA,NA,NA
798,2017,"POINT (-68.15 -16.5)","-16.5","-68.15"
300000,2021,NA,NA,NA
6747815,2019,"POINT (-43.5614 -22.9054)","-22.9054","-43.5614"
102775,2021,"POINT (-46.7402 -23.3612)","-23.3612","-46.7402"
540000,2016,"POINT (7.26195 43.7102)","43.7102","7.26195"
NA,NA,NA,NA,NA
132536,2015,NA,NA,NA
4021488,2018,"POINT (-118.244 34.0522)","34.0522","-118.244"
94000,2019,"POINT (-123.366 48.4284)","48.4284","-123.366"
NA,NA,NA,NA,NA
3774638,2021,"POINT (28.3462 -26.1777)","-26.1777","28.3462"
135520,2018,"POINT (-79.2469 43.1594)","43.1594","-79.2469"
NA,NA,NA,NA,NA
311676,2020,NA,NA,NA
1948626,2020,"POINT (-49.2647 -25.4311)","-25.4311","-49.2647"
NA,NA,NA,NA,NA
160197,2019,"POINT (-122.081 37.6689)","37.6689","-122.081"
65333,2017,"POINT (-77.0273 -12.0977)","-12.0977","-77.0273"
NA,NA,NA,NA,NA
179355,2020,NA,NA,NA
78570,2016,NA,NA,NA
161959,2021,NA,NA,NA
55000,2020,NA,NA,NA
1252786,2016,"POINT (-17.366 14.7645)","14.7645","-17.366"
82094,2016,NA,NA,NA
119964,2019,NA,NA,NA
295365,2018,"POINT (-149.9 61.2181)","61.2181","-149.9"
16293,2019,NA,NA,NA
227827,2015,NA,NA,NA
581130,2018,"POINT (-73.1227 7.11034)","7.11034","-73.1227"
20742,2020,"POINT (24.5637 65.7364)","65.7364","24.5637"
293962,2010,"POINT (-40.5079 -9.3835)","-9.3835","-40.5079"
24000,2017,"POINT (-84.1503 10.0035)","10.0035","-84.1503"
11899,2019,"POINT (-122.285 37.8313)","37.8313","-122.285"
390636,2018,"POINT (11.3387 44.4938)","44.4938","11.3387"
872497,2021,"POINT (4.89516 52.3702)","52.3702","4.89516"
1235574,2019,NA,NA,NA
63000,2021,NA,NA,NA
2137829,2015,NA,NA,NA
34399,2010,"POINT (-118.362 34.09)","34.09","-118.362"
NA,NA,NA,NA,NA
1584064,2019,"POINT (-75.1638 39.9523)","39.9523","-75.1638"
92870,2019,"POINT (-82.5515 35.5951)","35.5951","-82.5515"
638147,2021,"POINT (12.5683 55.6761)","55.6761","12.5683"
1293611,2021,"POINT (-87.2044 14.1051)","14.1051","-87.2044"
104955,2019,NA,NA,NA
37964,2020,NA,NA,NA
31394,2010,"POINT (-71.2269 42.4443)","42.4443","-71.2269"
31604,2020,NA,NA,NA
421939,2017,"POINT (-63.5714 44.6478)","44.6478","-63.5714"
114360,2021,"POINT (-12.1078 -76.9989)","-76.9989","-12.1078"
42174,2019,NA,NA,NA
393107,2020,NA,NA,NA
766900,2020,"POINT (-97.1375 49.8997)","49.8997","-97.1375"
60290,2017,"POINT (-77.067 -12.0917)","-12.0917","-77.067"
425436,2019,NA,NA,NA
127119,2018,"POINT (20.263 63.8258)","63.8258","20.263"
766900,2020,"POINT (-97.1375 49.8997)","49.8997","-97.1375"
4021488,2018,"POINT (-118.244 34.0522)","34.0522","-118.244"
866510,2020,"POINT (7.668 45.1006)","45.1006","7.668"
345366,2015,NA,NA,NA
1006211,2019,"POINT (-75.6972 45.4215)","45.4215","-75.6972"
347398,2020,"POINT (9.9326 -84.0796)","-84.0796","9.9326"
38100,2019,"POINT (7.42081 43.7374)","43.7374","7.42081"
404495,2017,"POINT (-70.6693 -33.4489)","-33.4489","-70.6693"
296655,2017,NA,NA,NA
131100,2019,NA,NA,NA
171629,2020,"POINT (-105.084 40.5853)","40.5853","-105.084"
39416,2020,"POINT (138.6 -34.95)","-34.95","138.6"
418686,2015,NA,NA,NA
69088,2018,NA,NA,NA
291839,2020,NA,NA,NA
127119,2018,"POINT (20.263 63.8258)","63.8258","20.263"
1653461,2020,"POINT (-34.8829 -8.05783)","-8.05783","-34.8829"
271411,2019,"POINT (-117.084 32.64)","32.64","-117.084"
NA,NA,NA,NA,NA
301048,2018,"POINT (-79.9959 40.4406)","40.4406","-79.9959"
NA,NA,NA,NA,NA
515317,2020,"POINT (-43.1184 -22.8928)","-22.8928","-43.1184"
4696,2020,NA,NA,NA
429606,2019,"POINT (-93.2667 44.9833)","44.9833","-93.2667"
209,2021,"POINT (-79.7736 8.88289)","8.88289","-79.7736"
97856,2010,"POINT (-73.7562 42.6526)","42.6526","-73.7562"
125941,2020,NA,NA,NA
NA,NA,NA,NA,NA
60170,2018,"POINT (-122.032 37.323)","37.323","-122.032"
2264748,2021,"POINT (-76.532 3.45164)","3.45164","-76.532"
85915,2019,NA,NA,NA
303940,2019,"POINT (-84.512 39.1031)","39.1031","-84.512"
1680600,2020,NA,NA,NA
59751,2021,NA,NA,NA
31294,2014,NA,NA,NA
112508,2020,"POINT (-83.9833 9.91667)","9.91667","-83.9833"
280174,2020,"POINT (-106.67 52.1332)","52.1332","-106.67"
1948626,2020,"POINT (-49.2647 -25.4311)","-25.4311","-49.2647"
132536,2015,NA,NA,NA
881549,2019,"POINT (-122.419 37.7749)","37.7749","-122.419"
199392,2018,NA,NA,NA
12205,2019,NA,NA,NA
531954,2021,"POINT (-74.2127 11.2453)","11.2453","-74.2127"
657013,2019,"POINT (-37.0731 -10.9472)","-10.9472","-37.0731"
139200,2011,NA,NA,NA
749332,2021,NA,NA,NA
19446,2020,"POINT (-87.8406 42.2586)","42.2586","-87.8406"
1660272,2018,"POINT (-112.074 33.4484)","33.4484","-112.074"
NA,NA,NA,NA,NA
583056,2020,NA,NA,NA
26861,2011,NA,NA,NA
NA,NA,NA,NA,NA
6041000,2019,"POINT (39.2083 -6.79235)","-6.79235","39.2083"
97676,2020,"POINT (-7.91247 40.6566)","40.6566","-7.91247"
149149,2020,NA,NA,NA
2118,2016,NA,NA,NA
122428,2013,NA,NA,NA
31822,2019,NA,NA,NA
5151,2021,NA,NA,NA
121433,2018,NA,NA,NA
337098,2020,NA,NA,NA
44678,2018,"POINT (-80.4139 37.2296)","37.2296","-80.4139"
2446144,2020,NA,NA,NA
44578,2017,NA,NA,NA
8420887,2016,"POINT (100.556 13.7712)","13.7712","100.556"
34573,2020,NA,NA,NA
2873484,2017,NA,NA,NA
12655050,2020,"POINT (37.6173 55.7558)","55.7558","37.6173"
201386,2021,"POINT (7.5928 47.5619)","47.5619","7.5928"
241599,2017,"POINT (-70.5302 -33.454)","-33.454","-70.5302"
258612,2017,"POINT (-78.8784 42.8864)","42.8864","-78.8784"
564077,2017,"POINT (-75.24 4.44851)","4.44851","-75.24"
1047871,2019,"POINT (-121.886 37.3382)","37.3382","-121.886"
NA,NA,NA,NA,NA
699460,2019,"POINT (-78.9288 43.9368)","43.9368","-78.9288"
1293611,2021,"POINT (-87.2044 14.1051)","14.1051","-87.2044"
74566,2020,"POINT (-91.5302 41.6611)","41.6611","-91.5302"
201837,2021,"POINT (4.4446 50.4108)","50.4108","4.4446"
58919,2020,"POINT (-8.8576 40.1521)","40.1521","-8.8576"
64979,2019,NA,NA,NA
261746,2018,NA,NA,NA
86217,2020,NA,NA,NA
NA,NA,NA,NA,NA
26581,2015,"POINT (-90.1843 38.8906)","38.8906","-90.1843"
922223,2020,"POINT (-82.9988 39.9612)","39.9612","-82.9988"
123632,2021,NA,NA,NA
107945,2016,NA,NA,NA
145358,2020,NA,NA,NA
640600,2018,"POINT (17.0385 51.1079)","51.1079","17.0385"
12655050,2020,"POINT (37.6173 55.7558)","55.7558","37.6173"
2693976,2019,"POINT (-87.6298 41.8781)","41.8781","-87.6298"
2765932,2020,"POINT (120.344 22.6297)","22.6297","120.344"
3774638,2021,"POINT (28.3462 -26.1777)","-26.1777","28.3462"
142304,2021,NA,NA,NA
1000000,2021,"POINT (-3.9674 5.3602)","5.3602","-3.9674"
52898,2016,"POINT (-123.072 49.32)","49.32","-123.072"
352739,2021,"POINT (10.1374 56.1684)","56.1684","10.1374"
727211,2019,"POINT (-104.985 39.7376)","39.7376","-104.985"
11826,2010,NA,NA,NA
467963,2019,"POINT (-80.1918 25.7617)","25.7617","-80.1918"
526555,2021,NA,NA,NA
1776949,2020,"POINT (125.625 7.07475)","7.07475","125.625"
282415,2017,NA,NA,NA
157048,2020,NA,NA,NA
3776146,2021,"POINT (139.638 35.4437)","35.4437","139.638"
13957977,2021,"POINT (139.41 35.41)","35.41","139.41"
326196,2019,"POINT (-105.5 40.15)","40.15","-105.5"
124000,2016,NA,NA,NA
NA,NA,"POINT (30.5256 39.7667)","39.7667","30.5256"
166057,2020,NA,NA,NA
NA,NA,NA,NA,NA
25492,2020,NA,NA,NA
97856,2010,"POINT (-73.7562 42.6526)","42.6526","-73.7562"
65333,2017,"POINT (-77.0273 -12.0977)","-12.0977","-77.0273"
998527,2019,NA,NA,NA
39116,2021,"POINT (9.87264 55.471)","55.471","9.87264"
NA,NA,NA,NA,NA
75359,2019,NA,NA,NA
NA,NA,NA,NA,NA
161531,2016,"POINT (-80.9645 46.5268)","46.5268","-80.9645"
125815,2019,"POINT (-47.9947 -21.1451)","-21.1451","-47.9947"
21056,2019,NA,NA,NA
314232,2020,NA,NA,NA
50619,2020,NA,NA,NA
998527,2019,NA,NA,NA
45877,2020,"POINT (13.1569 55.3751)","55.3751","13.1569"
NA,NA,NA,NA,NA
41000,2017,NA,NA,NA
2686612,2020,"POINT (-48.3936 -10.7183)","-10.7183","-48.3936"
43354,2020,"POINT (12.2387 55.795)","55.795","12.2387"
271411,2019,"POINT (-117.084 32.64)","32.64","-117.084"
3769000,2020,"POINT (13.405 52.52)","52.52","13.405"
NA,NA,NA,NA,NA
728402,2020,"POINT (124.632 8.45423)","8.45423","124.632"
248736,2020,"POINT (151.207 -33.8675)","-33.8675","151.207"
21000000,2015,"POINT (3.3792 6.52437)","6.52437","3.3792"
533900,2017,"POINT (1.754 53.792)","53.792","1.754"
245784,2019,NA,NA,NA
463400,2019,NA,NA,NA
2886698,2020,"POINT (-38.5023 -12.973)","-12.973","-38.5023"
708253,2019,"POINT (-77.0369 38.9072)","38.9072","-77.0369"
2521564,2020,"POINT (-43.9345 -19.9167)","-19.9167","-43.9345"
345366,2015,NA,NA,NA
748432,2018,NA,NA,NA
2446144,2020,NA,NA,NA
231962,2021,"POINT (-8.6291 41.1579)","41.1579","-8.6291"
277417,2018,NA,NA,NA
470130,2017,"POINT (-118.194 33.7701)","33.7701","-118.194"
122000,2021,NA,NA,NA
NA,NA,NA,NA,NA
1664182,2020,"POINT (2.1775 41.3823)","41.3823","2.1775"
64051,2019,"POINT (-79.0558 35.9132)","35.9132","-79.0558"
694295,2019,"POINT (-71.0598 42.3584)","42.3584","-71.0598"
15520,2014,NA,NA,NA
77300,2020,NA,NA,NA
65333,2017,"POINT (-77.0273 -12.0977)","-12.0977","-77.0273"
347398,2020,"POINT (9.9326 -84.0796)","-84.0796","9.9326"
1047871,2019,"POINT (-121.886 37.3382)","37.3382","-121.886"
123412,2020,"POINT (-92.3341 38.9517)","38.9517","-92.3341"
75359,2019,NA,NA,NA
46802,2019,NA,NA,NA
50619,2020,NA,NA,NA
118964,2021,NA,NA,NA
185937,2011,"POINT (19.2594 42.4304)","42.4304","19.2594"
28913,2020,NA,NA,NA
784776,2015,"POINT (-117.069 32.5026)","32.5026","-117.069"
NA,NA,NA,NA,NA
21429,2019,NA,NA,NA
221054,2017,"POINT (-68.8342 -32.9199)","-32.9199","-68.8342"
10603,2020,NA,NA,NA
161780,2019,NA,NA,NA
160754,2018,"POINT (15.6216 58.4109)","58.4109","15.6216"
145358,2020,NA,NA,NA
5052000,2016,"POINT (-4.0083 5.36)","5.36","-4.0083"
83000,2016,NA,NA,NA
3223334,2018,"POINT (-3.38756 40.1076)","40.1076","-3.38756"
532766,2021,"POINT (30.3794 -29.6006)","-29.6006","30.3794"
2137829,2015,NA,NA,NA
1618400,2018,"POINT (174.742 -36.8153)","-36.8153","174.742"
5751,2010,NA,NA,NA
570065,2020,"POINT (121.013 24.8269)","24.8269","121.013"
149280,2020,NA,NA,NA
1895486,2020,NA,NA,NA
86350,2019,NA,NA,NA
11936010,2020,NA,NA,NA
132169,2020,NA,NA,NA
NA,NA,NA,NA,NA
59751,2021,NA,NA,NA
748432,2018,NA,NA,NA
286178,2021,NA,NA,NA
127138,2020,"POINT (-74.2642 4.73245)","4.73245","-74.2642"
131794,2016,"POINT (80.25 43.55)","43.55","80.25"
434736,2020,"POINT (8.53918 47.3686)","47.3686","8.53918"
2533424,2020,"POINT (-75.5735 6.22729)","6.22729","-75.5735"
308174,2020,"POINT (-90.1994 38.627)","38.627","-90.1994"
NA,NA,NA,NA,NA
414812,2020,"POINT (121.089 14.2843)","14.2843","121.089"
4423834,2018,"POINT (18.4239 -33.9253)","-33.9253","18.4239"
171245,2018,"POINT (-123.087 44.0519)","44.0519","-123.087"
1966120,2021,"POINT (80.3659 26.1901)","26.1901","80.3659"
1006211,2019,"POINT (-75.6972 45.4215)","45.4215","-75.6972"
NA,NA,NA,NA,NA
246700,2016,"POINT (-80.561 43.42)","43.42","-80.561"
1653461,2020,"POINT (-34.8829 -8.05783)","-8.05783","-34.8829"
NA,NA,NA,NA,NA
748432,2018,NA,NA,NA
7481800,2020,"POINT (114.14 22.2881)","22.2881","114.14"
6747815,2019,"POINT (-43.5614 -22.9054)","-22.9054","-43.5614"
NA,NA,NA,NA,NA
29515,2020,NA,NA,NA
796670,2018,NA,NA,NA
NA,NA,NA,NA,NA
1618400,2018,"POINT (174.742 -36.8153)","-36.8153","174.742"
65333,2017,"POINT (-77.0273 -12.0977)","-12.0977","-77.0273"
29905,2020,NA,NA,NA
365437,2020,"POINT (11.2558 43.7696)","43.7696","11.2558"
NA,NA,NA,NA,NA
13957977,2021,"POINT (139.41 35.41)","35.41","139.41"
492681,2018,NA,NA,NA
287442,2019,"POINT (-81.3792 28.5383)","28.5383","-81.3792"
NA,NA,NA,NA,NA
65333,2017,"POINT (-77.0273 -12.0977)","-12.0977","-77.0273"
192364,2018,"POINT (-111.94 33.4255)","33.4255","-111.94"
230436,2019,"POINT (-77.436 37.5407)","37.5407","-77.436"
37113,2010,"POINT (-80.1484 25.9812)","25.9812","-80.1484"
48502,2021,"POINT (-8.17286 41.4508)","41.4508","-8.17286"
697010,2021,"POINT (10.7522 59.9139)","59.9139","10.7522"
470130,2017,"POINT (-118.194 33.7701)","33.7701","-118.194"
800215,2020,"POINT (-0.3763 39.4699)","39.4699","-0.3763"
68990,2019,"POINT (-122.143 37.4419)","37.4419","-122.143"
271411,2019,"POINT (-117.084 32.64)","32.64","-117.084"
8399000,2018,"POINT (-74.0059 40.7128)","40.7128","-74.0059"
255042,2019,"POINT (-2.67 42.84)","42.84","-2.67"
NA,NA,NA,NA,NA
NA,NA,NA,NA,NA
NA,NA,NA,NA,NA
727211,2019,"POINT (-104.985 39.7376)","39.7376","-104.985"
292796,2020,"POINT (24.6559 60.2055)","60.2055","24.6559"
910608,2020,NA,NA,NA
285911,2021,NA,NA,NA
35081,2019,"POINT (153.533 -28.6534)","-28.6534","153.533"
194000,2020,"POINT (22.2666 60.4518)","60.4518","22.2666"
265188,2019,"POINT (-63.4884 -21.2666)","-21.2666","-63.4884"
NA,NA,NA,NA,NA
14307,2021,"POINT (-121.844 47.53)","47.53","-121.844"
1009132,2017,"POINT (-75.329 -11.0557)","-11.0557","-75.329"
6041000,2019,"POINT (39.2083 -6.79235)","-6.79235","39.2083"
NA,NA,NA,NA,NA
133451,2018,"POINT (-81.0348 34.0007)","34.0007","-81.0348"
39116,2021,"POINT (9.87264 55.471)","55.471","9.87264"
576568,2018,"POINT (-60.6779 2.83067)","2.83067","-60.6779"
95315,2018,"POINT (-70.9342 41.6362)","41.6362","-70.9342"
55310,2010,"POINT (-75.1195 40.1241)","40.1241","-75.1195"
664193,2015,NA,NA,NA
82094,2016,NA,NA,NA
230371,2021,"POINT (-51.3856 -22.1276)","-22.1276","-51.3856"
123728,2019,NA,NA,NA
793139,2019,NA,NA,NA
3769000,2020,"POINT (13.405 52.52)","52.52","13.405"
140679,2017,NA,NA,NA
NA,NA,NA,NA,NA
39116,2021,"POINT (9.87264 55.471)","55.471","9.87264"
NA,NA,NA,NA,NA
44999,2019,"POINT (8.77245 58.4618)","58.4618","8.77245"
297879,2016,NA,NA,NA
NA,NA,NA,NA,NA
156852,2021,"POINT (-8.29224 41.4443)","41.4443","-8.29224"
792646,2021,"POINT (11.5167 3.8667)","3.8667","11.5167"
3774638,2021,"POINT (28.3462 -26.1777)","-26.1777","28.3462"
438727,2018,NA,NA,NA
936263,2020,"POINT (-110.961 29.0892)","29.0892","-110.961"
NA,NA,NA,NA,NA
879958,2020,NA,NA,NA
148500,2018,NA,NA,NA
4565,2010,"POINT (42.0736 88.148)","88.148","42.0736"
NA,NA,NA,NA,NA
277417,2018,NA,NA,NA
NA,NA,NA,NA,NA
1664182,2020,"POINT (2.1775 41.3823)","41.3823","2.1775"
127119,2018,"POINT (20.263 63.8258)","63.8258","20.263"
147918,2010,"POINT (-104.38 19.34)","19.34","-104.38"
199150,2020,"POINT (-0.32574 51.448)","51.448","-0.32574"
NA,NA,"POINT (34.3976 36.8574)","36.8574","34.3976"
2069849,2020,"POINT (-73.554 45.5087)","45.5087","-73.554"
NA,NA,NA,NA,NA
150590,2018,"POINT (12.5695 44.0678)","44.0678","12.5695"
1547253,2019,"POINT (-98.4936 29.4241)","29.4241","-98.4936"
NA,NA,NA,NA,NA
15892788,2011,"POINT (88.3639 22.5726)","22.5726","88.3639"
9048,2010,NA,NA,NA
3769000,2020,"POINT (13.405 52.52)","52.52","13.405"
241800,2021,"POINT (23.761 61.4978)","61.4978","23.761"
241599,2017,"POINT (-70.5302 -33.454)","-33.454","-70.5302"
27189,2019,"POINT (-75.2207 40.6884)","40.6884","-75.2207"
1664182,2020,"POINT (2.1775 41.3823)","41.3823","2.1775"
1240730,2020,NA,NA,NA
8580,2020,"POINT (-111.498 40.6461)","40.6461","-111.498"
286178,2021,NA,NA,NA
429606,2019,"POINT (-93.2667 44.9833)","44.9833","-93.2667"
9041395,2018,"POINT (-99.1332 19.4326)","19.4326","-99.1332"
259444,2015,NA,NA,NA
460638,2019,NA,NA,NA
NA,NA,NA,NA,NA
2822981,2020,"POINT (12.2858 41.53)","41.53","12.2858"
303940,2019,"POINT (-84.512 39.1031)","39.1031","-84.512"
1498181,2020,NA,NA,NA
368000,2020,"POINT (-3.17909 51.4816)","51.4816","-3.17909"
462965,2021,NA,NA,NA
14763,2010,NA,NA,NA
133262,2021,"POINT (-21.8174 64.1265)","64.1265","-21.8174"
347949,2020,"POINT (13.0038 55.605)","55.605","13.0038"
NA,NA,NA,NA,NA
365278,2020,NA,NA,NA
100000,2020,NA,NA,NA
1221095,2020,"POINT (126.805 37.17)","37.17","126.805"
8580,2020,"POINT (-111.498 40.6461)","40.6461","-111.498"
3360183,2020,NA,NA,NA
92842,2020,"POINT (-94.1719 36.0821)","36.0821","-94.1719"
179000,2019,"POINT (5.84282 51.8449)","51.8449","5.84282"
NA,NA,NA,NA,NA
303940,2019,"POINT (-84.512 39.1031)","39.1031","-84.512"
90401,2019,"POINT (-118.481 34.0219)","34.0219","-118.481"
24000,2017,"POINT (-84.1503 10.0035)","10.0035","-84.1503"
NA,NA,"POINT (11.5191 3.86181)","3.86181","11.5191"
1426000,2021,"POINT (-117.17 32.7181)","32.7181","-117.17"
506811,2019,"POINT (-84.388 33.749)","33.749","-84.388"
38638,2018,"POINT (9.54153 57.1453)","57.1453","9.54153"
651073,2019,"POINT (-90.049 35.1495)","35.1495","-90.049"
183756,2020,"POINT (144.963 -37.8141)","-37.8141","144.963"
NA,NA,NA,NA,NA
147892,2019,NA,NA,NA
1197684,2019,NA,NA,NA
4423834,2018,"POINT (18.4239 -33.9253)","-33.9253","18.4239"
53282,2018,"POINT (12.4754 55.6425)","55.6425","12.4754"
601574,2011,"POINT (76.2673 9.93123)","9.93123","76.2673"
748432,2018,NA,NA,NA
558930,2020,"POINT (9.31841 44.348)","44.348","9.31841"
2101157,2020,NA,NA,NA
NA,NA,NA,NA,NA
24610,2019,NA,NA,NA
NA,NA,NA,NA,NA
NA,NA,NA,NA,NA
112508,2020,"POINT (-83.9833 9.91667)","9.91667","-83.9833"
29889,2020,"POINT (138.601 -34.9285)","-34.9285","138.601"
921771,2020,"POINT (-89.5926 20.9674)","20.9674","-89.5926"
3694,2020,NA,NA,NA
86217,2020,NA,NA,NA
395780,2021,"POINT (-1.88076 50.7192)","50.7192","-1.88076"
NA,NA,NA,NA,NA
67563,2017,NA,NA,NA
NA,NA,NA,NA,NA
1874917,2020,"POINT (120.227 22.9999)","22.9999","120.227"
1323400,2021,"POINT (-114.071 51.0486)","51.0486","-114.071"
5052000,2016,"POINT (-4.0083 5.36)","5.36","-4.0083"
98559,2021,NA,NA,NA
654000,2020,"POINT (-123.114 49.2612)","49.2612","-123.114"
10562088,2020,"POINT (106.865 -6.1751)","-6.1751","106.865"
6624,2020,NA,NA,NA
215144,2016,NA,NA,NA
315000,2020,"POINT (-93.09 44.9537)","44.9537","-93.09"
3306198,2017,"POINT (28.1881 -25.7461)","-25.7461","28.1881"
8574974,2017,"POINT (-77.0283 -12.0433)","-12.0433","-77.0283"
190735,2020,NA,NA,NA
1040171,2019,"POINT (157.59 21.28)","21.28","157.59"
1328120,2018,"POINT (23.3219 42.6977)","42.6977","23.3219"
112508,2020,"POINT (-83.9833 9.91667)","9.91667","-83.9833"
16293,2019,NA,NA,NA
112508,2020,"POINT (-83.9833 9.91667)","9.91667","-83.9833"
43354,2020,"POINT (12.2387 55.795)","55.795","12.2387"
67563,2017,NA,NA,NA
3360000,2014,"POINT (-7.56806 33.5206)","33.5206","-7.56806"
37255,2017,"POINT (8.34552 -76.3414)","-76.3414","8.34552"
523500,2017,NA,NA,NA
430157,2020,"POINT (-51.9383 -23.4257)","-23.4257","-51.9383"
343542,2019,NA,NA,NA
66215,2019,"POINT (-70.2553 43.6615)","43.6615","-70.2553"
2320268,2019,"POINT (-95.3694 29.7602)","29.7602","-95.3694"
112887,2010,NA,NA,NA
11317,2019,"POINT (-122.232 37.8244)","37.8244","-122.232"
552858,2020,NA,NA,NA
127119,2018,"POINT (20.263 63.8258)","63.8258","20.263"
114360,2021,"POINT (-12.1078 -76.9989)","-76.9989","-12.1078"
13151,2018,NA,NA,NA
149280,2020,NA,NA,NA
271411,2019,"POINT (-117.084 32.64)","32.64","-117.084"
NA,NA,NA,NA,NA
59751,2021,NA,NA,NA
81522,2016,NA,NA,NA
NA,NA,NA,NA,NA
508519,2021,NA,NA,NA
NA,NA,NA,NA,NA
42174,2019,NA,NA,NA
2101157,2020,NA,NA,NA
417000,2020,"POINT (-81.2497 42.9837)","42.9837","-81.2497"
4700000,2019,"POINT (36.8219 -1.29206)","-1.29206","36.8219"
179000,2019,"POINT (5.84282 51.8449)","51.8449","5.84282"
57469,2021,NA,NA,NA
215144,2016,NA,NA,NA
12565,2021,"POINT (7.3452 47.3658)","47.3658","7.3452"
38638,2018,"POINT (9.54153 57.1453)","57.1453","9.54153"
381009,2019,"POINT (-81.6944 41.4993)","41.4993","-81.6944"
26492,2010,NA,NA,NA
683607,2020,NA,NA,NA
160197,2019,"POINT (-122.081 37.6689)","37.6689","-122.081"
NA,NA,NA,NA,NA
NA,NA,NA,NA,NA
315000,2020,"POINT (-93.09 44.9537)","44.9537","-93.09"
7920000,2020,"POINT (80.2425 13.0992)","13.0992","80.2425"
583056,2020,NA,NA,NA
1664182,2020,"POINT (2.1775 41.3823)","41.3823","2.1775"
NA,NA,NA,NA,NA
277417,2018,NA,NA,NA
885708,2019,"POINT (-80.8431 35.2271)","35.2271","-80.8431"
NA,NA,NA,NA,NA
57882,2019,"POINT (-90.5071 42.5006)","42.5006","-90.5071"
140597,2020,NA,NA,NA
NA,NA,NA,NA,NA
209755,2020,"POINT (12.1405 54.0887)","54.0887","12.1405"
21000000,2015,"POINT (3.3792 6.52437)","6.52437","3.3792"
271411,2019,"POINT (-117.084 32.64)","32.64","-117.084"
2038945,2019,"POINT (36.08 -0.30309)","-0.30309","36.08"
47266,2019,"POINT (-78.4767 38.0293)","38.0293","-78.4767"
495681,2020,NA,NA,NA
166080,2017,NA,NA,NA
1080507,2021,NA,NA,NA
748432,2018,NA,NA,NA
694295,2019,"POINT (-71.0598 42.3584)","42.3584","-71.0598"
286211,2020,"POINT (-47.2669 -22.8219)","-22.8219","-47.2669"
11000,2010,NA,NA,NA
1149000,2019,NA,NA,NA
675971,2020,"POINT (-115.14 36.1699)","36.1699","-115.14"
327361,2020,NA,NA,NA
6207299,2021,NA,NA,NA
421939,2017,"POINT (-63.5714 44.6478)","44.6478","-63.5714"
23000,2010,NA,NA,NA
570024,2021,NA,NA,NA
NA,NA,NA,NA,NA
91826,2018,"POINT (-80.13 25.7906)","25.7906","-80.13"
1653461,2020,"POINT (-34.8829 -8.05783)","-8.05783","-34.8829"
NA,NA,NA,NA,NA
644618,2019,"POINT (4.45093 51.9164)","51.9164","4.45093"
872497,2021,"POINT (4.89516 52.3702)","52.3702","4.89516"
145674,2015,"POINT (-81.0998 32.0835)","32.0835","-81.0998"
744955,2018,"POINT (-122.332 47.6062)","47.6062","-122.332"
973045,2018,"POINT (-75.5501 10.4218)","10.4218","-75.5501"
58030,2011,NA,NA,NA
210563,2010,"POINT (-77.6109 43.161)","43.161","-77.6109"
1895486,2020,NA,NA,NA
332500,2020,NA,NA,NA
157048,2020,NA,NA,NA
115041,2010,"POINT (-68.8458 -32.8894)","-32.8894","-68.8458"
1231,2018,NA,NA,NA
552858,2020,NA,NA,NA
98500,2019,"POINT (10.3218 36.8725)","36.8725","10.3218"
157048,2020,NA,NA,NA
38638,2018,"POINT (9.54153 57.1453)","57.1453","9.54153"
NA,NA,"POINT (-72.6761 -7.62799)","-7.62799","-72.6761"
1000000,2021,"POINT (-3.9674 5.3602)","5.3602","-3.9674"
5052000,2016,"POINT (-4.0083 5.36)","5.36","-4.0083"
557310,2017,NA,NA,NA
105171,2020,"POINT (-57.4858 -14.6194)","-14.6194","-57.4858"
54000,2020,NA,NA,NA
8299,2018,NA,NA,NA
NA,NA,NA,NA,NA
25848,2018,NA,NA,NA
1547253,2019,"POINT (-98.4936 29.4241)","29.4241","-98.4936"
349648,2018,NA,NA,NA
NA,NA,NA,NA,NA
1,2018,"POINT (47.5079 -18.8792)","-18.8792","47.5079"
116781,2020,"POINT (-80.0534 26.7153)","26.7153","-80.0534"
78530,2019,"POINT (-9.30148 38.7637)","38.7637","-9.30148"
70785,2017,NA,NA,NA
655395,2020,"POINT (24.941 60.1733)","60.1733","24.941"
87542,2019,"POINT (12.0878 55.6419)","55.6419","12.0878"
438727,2018,NA,NA,NA
307079,2020,"POINT (118.73 9.74069)","9.74069","118.73"
557310,2017,NA,NA,NA
120000,2021,"POINT (15.7278 -88.5944)","-88.5944","15.7278"
215636,2019,NA,NA,NA
NA,NA,NA,NA,NA
26861,2011,NA,NA,NA
11317,2019,"POINT (-122.232 37.8244)","37.8244","-122.232"
NA,NA,NA,NA,NA
192106,2018,NA,NA,NA
53280,2019,NA,NA,NA
270000,2021,NA,NA,NA
418686,2015,NA,NA,NA
3774638,2021,"POINT (28.3462 -26.1777)","-26.1777","28.3462"
217600,2010,NA,NA,NA
43559,2018,"POINT (-70.8967 42.5195)","42.5195","-70.8967"
28684,2021,NA,NA,NA
346029,2015,NA,NA,NA
NA,NA,NA,NA,NA
NA,NA,NA,NA,NA
276719,2016,NA,NA,NA
17765,2021,"POINT (-77.0075 38.9779)","38.9779","-77.0075"
100000,2016,"POINT (12.5247 -22.9389)","-22.9389","12.5247"
2320268,2019,"POINT (-95.3694 29.7602)","29.7602","-95.3694"
90620,2021,"POINT (-122.479 48.7519)","48.7519","-122.479"
37078,2018,NA,NA,NA
NA,NA,NA,NA,NA
150680,2020,NA,NA,NA
81562,2018,"POINT (-71.0826 42.3934)","42.3934","-71.0826"
209900,2019,NA,NA,NA
301048,2018,"POINT (-79.9959 40.4406)","40.4406","-79.9959"
347398,2020,"POINT (9.9326 -84.0796)","-84.0796","9.9326"
NA,NA,"POINT (-85.9111 39.214)","39.214","-85.9111"
946338,2020,NA,NA,NA
294842,2021,NA,NA,NA
76338,2020,"POINT (-111.631 35.1992)","35.1992","-111.631"
6624,2020,NA,NA,NA
6426,2010,NA,NA,NA
301048,2018,"POINT (-79.9959 40.4406)","40.4406","-79.9959"
75000,2010,NA,NA,NA
1202731,2021,"POINT (44.8271 41.7151)","41.7151","44.8271"
14736,2021,NA,NA,NA
349565,2019,"POINT (121.058 13.7565)","13.7565","121.058"
1664182,2020,"POINT (2.1775 41.3823)","41.3823","2.1775"
97444,2019,"POINT (-8.49835 41.1887)","41.1887","-8.49835"
NA,NA,"POINT (35.334 36.995)","36.995","35.334"
220357,2017,NA,NA,NA
NA,NA,NA,NA,NA
1175501,2020,"POINT (-46.9372 -22.744)","-22.744","-46.9372"
155421,2020,NA,NA,NA
506811,2019,"POINT (-84.388 33.749)","33.749","-84.388"
583056,2020,NA,NA,NA
NA,NA,NA,NA,NA
NA,NA,NA,NA,NA
271411,2019,"POINT (-117.084 32.64)","32.64","-117.084"
5052000,2016,"POINT (-4.0083 5.36)","5.36","-4.0083"
3800000,2018,"POINT (35.9284 31.9454)","31.9454","35.9284"
65977,2020,NA,NA,NA
76338,2020,"POINT (-111.631 35.1992)","35.1992","-111.631"
278749,2016,NA,NA,NA
NA,NA,NA,NA,NA
221316,2017,"POINT (40.5178 -12.9732)","-12.9732","40.5178"
NA,NA,NA,NA,NA
5341,2020,"POINT (-109.54 38.57)","38.57","-109.54"
62709,2019,"POINT (12.5921 56.0308)","56.0308","12.5921"
98795,2021,NA,NA,NA
1155574,2019,"POINT (34.7679 -0.0917)","-0.0917","34.7679"
661299,2019,"POINT (23.7275 37.9838)","37.9838","23.7275"
64605,2021,"POINT (-122.031 36.9741)","36.9741","-122.031"
373589,2020,NA,NA,NA
NA,NA,NA,NA,NA
346325,2020,NA,NA,NA
180609,2020,"POINT (-71.4128 41.824)","41.824","-71.4128"
NA,NA,NA,NA,NA
6041000,2019,"POINT (39.2083 -6.79235)","-6.79235","39.2083"
654000,2020,"POINT (-123.114 49.2612)","49.2612","-123.114"
NA,NA,NA,NA,NA
300820,2019,NA,NA,NA
65333,2017,"POINT (-77.0273 -12.0977)","-12.0977","-77.0273"
108091,2020,"POINT (-105.252 40.0274)","40.0274","-105.252"
50759,2020,"POINT (12.2898 55.6563)","55.6563","12.2898"
NA,NA,NA,NA,NA
31822,2019,NA,NA,NA
748432,2018,NA,NA,NA
37805,2021,"POINT (22.2897 55.2522)","55.2522","22.2897"
300000,2021,NA,NA,NA
NA,NA,NA,NA,NA
142000,2018,"POINT (-70.6092 -33.4313)","-33.4313","-70.6092"
505585,2010,"POINT (-79.0048 -2.90841)","-2.90841","-79.0048"
107909,2016,"POINT (-89.2477 48.3809)","48.3809","-89.2477"
2446144,2020,NA,NA,NA
300000,2021,NA,NA,NA
2137829,2015,NA,NA,NA
11317,2019,"POINT (-122.232 37.8244)","37.8244","-122.232"
651073,2019,"POINT (-90.049 35.1495)","35.1495","-90.049"
366785,2018,"POINT (-1.51217 52.4066)","52.4066","-1.51217"
1323400,2021,"POINT (-114.071 51.0486)","51.0486","-114.071"
79559,2020,NA,NA,NA
NA,NA,NA,NA,NA
NA,NA,NA,NA,NA
230436,2019,"POINT (-77.436 37.5407)","37.5407","-77.436"
1966120,2021,"POINT (80.3659 26.1901)","26.1901","80.3659"
62709,2019,"POINT (12.5921 56.0308)","56.0308","12.5921"
1653461,2020,"POINT (-34.8829 -8.05783)","-8.05783","-34.8829"
694295,2019,"POINT (-71.0598 42.3584)","42.3584","-71.0598"
97856,2010,"POINT (-73.7562 42.6526)","42.6526","-73.7562"
NA,NA,NA,NA,NA
981105,2020,"POINT (18.0686 59.3293)","59.3293","18.0686"
NA,NA,NA,NA,NA
1874917,2020,"POINT (120.227 22.9999)","22.9999","120.227"
NA,NA,NA,NA,NA
NA,NA,NA,NA,NA
69289,2018,"POINT (-121.741 38.5449)","38.5449","-121.741"
111892,2011,"POINT (-16.9241 32.6669)","32.6669","-16.9241"
NA,NA,NA,NA,NA
298599,2020,NA,NA,NA
1003530,2021,NA,NA,NA
277417,2018,NA,NA,NA
390144,2019,"POINT (-90.0715 29.9511)","29.9511","-90.0715"
195089,2019,NA,NA,NA
2956024,2018,"POINT (-79.3832 43.6532)","43.6532","-79.3832"
482713,2019,"POINT (29.0585 40.98)","40.98","29.0585"
1874917,2020,"POINT (120.227 22.9999)","22.9999","120.227"
1452549,2021,NA,NA,NA
NA,NA,NA,NA,NA
133262,2021,"POINT (-21.8174 64.1265)","64.1265","-21.8174"
132735,2015,NA,NA,NA
30404,2020,NA,NA,NA
3068043,2018,"POINT (-58.3816 -34.6037)","-34.6037","-58.3816"
NA,NA,NA,NA,NA
1653524,2020,NA,NA,NA
12828821,2019,NA,NA,NA
1006211,2019,"POINT (-75.6972 45.4215)","45.4215","-75.6972"
1047871,2019,"POINT (-121.886 37.3382)","37.3382","-121.886"
21741090,2021,"POINT (90.4125 23.8103)","23.8103","90.4125"
NA,NA,NA,NA,NA
56791,2020,NA,NA,NA
2956024,2018,"POINT (-79.3832 43.6532)","43.6532","-79.3832"
NA,NA,NA,NA,NA
2956024,2018,"POINT (-79.3832 43.6532)","43.6532","-79.3832"
748432,2018,NA,NA,NA
247945,2019,"POINT (-80.2442 36.0999)","36.0999","-80.2442"
70785,2017,NA,NA,NA
NA,NA,NA,NA,NA
412199,2020,NA,NA,NA
156500,2019,"POINT (-105.081 39.7047)","39.7047","-105.081"
614618,2021,"POINT (24.1052 56.9496)","56.9496","24.1052"
60170,2018,"POINT (-122.032 37.323)","37.323","-122.032"
1547253,2019,"POINT (-98.4936 29.4241)","29.4241","-98.4936"
NA,NA,NA,NA,NA
15462452,2020,"POINT (28.9784 41.0082)","41.0082","28.9784"
NA,NA,NA,NA,NA
665734,2020,NA,NA,NA
792646,2021,"POINT (11.5167 3.8667)","3.8667","11.5167"
112508,2020,"POINT (-83.9833 9.91667)","9.91667","-83.9833"
3068043,2018,"POINT (-58.3816 -34.6037)","-34.6037","-58.3816"
2956024,2018,"POINT (-79.3832 43.6532)","43.6532","-79.3832"
702429,2021,NA,NA,NA
NA,NA,NA,NA,NA
127119,2018,"POINT (20.263 63.8258)","63.8258","20.263"
NA,NA,NA,NA,NA
52590,2019,NA,NA,NA
1680600,2020,NA,NA,NA
125941,2020,NA,NA,NA
233123,2017,NA,NA,NA
1479101,2010,"POINT (51 30)","30","51"
1228620,2019,"POINT (27.8903 39.6533)","39.6533","27.8903"
238648,2020,"POINT (-51.1493 -29.761)","-29.761","-51.1493"
69951,2020,"POINT (13.3995 42.3505)","42.3505","13.3995"
145512,2020,"POINT (8.67243 49.3988)","49.3988","8.67243"
42778,2020,NA,NA,NA
15539,2010,NA,NA,NA
NA,NA,NA,NA,NA
NA,NA,NA,NA,NA
509558,2021,"POINT (-75.8814 8.74798)","8.74798","-75.8814"
277417,2018,NA,NA,NA
255042,2019,"POINT (-2.67 42.84)","42.84","-2.67"
41499,2020,NA,NA,NA
53282,2018,"POINT (12.4754 55.6425)","55.6425","12.4754"
485000,2020,"POINT (28 40)","40","28"
494,2014,"POINT (-40.3776 -20.3338)","-20.3338","-40.3776"
304764,2019,NA,NA,NA
125941,2020,NA,NA,NA
135520,2018,"POINT (-79.2469 43.1594)","43.1594","-79.2469"
NA,NA,NA,NA,NA
35263,2019,"POINT (-5.35359 36.1408)","36.1408","-5.35359"
5434,2019,"POINT (-106.374 39.6403)","39.6403","-106.374"
13141,2020,NA,NA,NA
302650,2021,NA,NA,NA
1000000,2021,"POINT (-3.9674 5.3602)","5.3602","-3.9674"
15000,2020,"POINT (-91.4032 31.5604)","31.5604","-91.4032"
946338,2020,NA,NA,NA
141191,2019,"POINT (-80.3036 25.9861)","25.9861","-80.3036"
NA,NA,NA,NA,NA
NA,NA,NA,NA,NA
467963,2019,"POINT (-80.1918 25.7617)","25.7617","-80.1918"
365855,2020,"POINT (-40.3776 -20.3338)","-20.3338","-40.3776"
548565,2020,"POINT (-77.0667 -11.95)","-11.95","-77.0667"
1392502,2020,"POINT (9.08635 45.8026)","45.8026","9.08635"
2956024,2018,"POINT (-79.3832 43.6532)","43.6532","-79.3832"
9588,2019,NA,NA,NA
NA,NA,NA,NA,NA
248736,2020,"POINT (151.207 -33.8675)","-33.8675","151.207"
138042,2021,"POINT (-83.9194 9.86444)","9.86444","-83.9194"
281500,2018,NA,NA,NA
52898,2016,"POINT (-123.072 49.32)","49.32","-123.072"
376944,2021,NA,NA,NA
85755,2019,"POINT (-86.5264 39.1653)","39.1653","-86.5264"
NA,NA,NA,NA,NA
NA,NA,NA,NA,NA
20242,2010,NA,NA,NA
108860,2016,NA,NA,NA
NA,NA,NA,NA,NA
1392502,2020,"POINT (9.08635 45.8026)","45.8026","9.08635"
234237,2017,"POINT (-121.989 37.5483)","37.5483","-121.989"
9040000,2019,"POINT (106.66 10.7626)","10.7626","106.66"
748432,2018,NA,NA,NA
8125072,2020,"POINT (-70.6693 -33.4489)","-33.4489","-70.6693"
196300,2020,"POINT (41.7606 88.3201)","88.3201","41.7606"
56791,2020,NA,NA,NA
365437,2020,"POINT (11.2558 43.7696)","43.7696","11.2558"
NA,NA,NA,NA,NA
294464,2021,"POINT (14.5058 46.0569)","46.0569","14.5058"
26545,2020,"POINT (-91.6663 44.0554)","44.0554","-91.6663"
8053663,2019,"POINT (105.815 21.0258)","21.0258","105.815"
NA,NA,NA,NA,NA
3689000,2020,"POINT (38.7544 9.02887)","9.02887","38.7544"
NA,NA,NA,NA,NA
2090000,2017,"POINT (100.992 1.45556)","1.45556","100.992"
688318,2020,"POINT (116.831 -1.26539)","-1.26539","116.831"
51277,2019,"POINT (-91.2396 43.8014)","43.8014","-91.2396"
4030954,2020,"POINT (121.446 25.0111)","25.0111","121.446"
50619,2020,NA,NA,NA
130759,2015,NA,NA,NA
55754,2020,NA,NA,NA
132448,2020,"POINT (11.619 44.8357)","44.8357","11.619"
2886698,2020,"POINT (-38.5023 -12.973)","-12.973","-38.5023"
3769000,2020,"POINT (13.405 52.52)","52.52","13.405"
183453,2019,NA,NA,NA
371457,2015,"POINT (-104.367 19.7682)","19.7682","-104.367"
87542,2019,"POINT (12.0878 55.6419)","55.6419","12.0878"
41773,2020,NA,NA,NA
NA,NA,NA,NA,NA
526166,2019,"POINT (-100.812 20.5222)","20.5222","-100.812"
63375,2018,"POINT (-117.293 33.0454)","33.0454","-117.293"
266005,2020,NA,NA,NA
3500,2018,"POINT (-70.031 41.9305)","41.9305","-70.031"
3774638,2021,"POINT (28.3462 -26.1777)","-26.1777","28.3462"
25845,2016,NA,NA,NA
881549,2019,"POINT (-122.419 37.7749)","37.7749","-122.419"
524353,2018,NA,NA,NA
465000,2018,NA,NA,NA
195874,2019,"POINT (-50.4328 -21.2089)","-21.2089","-50.4328"
352739,2021,"POINT (10.1374 56.1684)","56.1684","10.1374"
670031,2019,"POINT (-83.0457 42.3314)","42.3314","-83.0457"
89125,2020,"POINT (-45.1201 -22.7339)","-22.7339","-45.1201"
687357,2020,"POINT (-47.4221 -23.4775)","-23.4775","-47.4221"
1383601,2021,"POINT (-58.2987 -34.7112)","-34.7112","-58.2987"
NA,NA,NA,NA,NA
1047871,2019,"POINT (-121.886 37.3382)","37.3382","-121.886"
149577,2020,NA,NA,NA
946338,2020,NA,NA,NA
44100,2020,"POINT (7.63 46.759)","46.759","7.63"
2886698,2020,"POINT (-38.5023 -12.973)","-12.973","-38.5023"
1948626,2020,"POINT (-49.2647 -25.4311)","-25.4311","-49.2647"
NA,NA,NA,NA,NA
82094,2016,NA,NA,NA
42145,2019,NA,NA,NA
46802,2019,NA,NA,NA
183453,2019,NA,NA,NA
38566,2019,NA,NA,NA
149280,2020,NA,NA,NA
4021488,2018,"POINT (-118.244 34.0522)","34.0522","-118.244"
121363,2019,NA,NA,NA
NA,NA,NA,NA,NA
NA,NA,NA,NA,NA
215000,2020,"POINT (174.776 -41.2865)","-41.2865","174.776"
74566,2020,"POINT (-91.5302 41.6611)","41.6611","-91.5302"
